<?xml version='1.0' encoding='utf-8'?>
<document dialect="various" title="?">
    <file n="0" title="NOAH_blogs">
      <article n="0" dialect="various" title="Blog Alessandra">
        <s n="0-237" reduplication="yes">
          <w n="0-237-0" pos="ADV" verified="no">jetzt</w>
          <w n="0-237-1" pos="VVFIN+" verified="no">segeds</w>
          <w n="0-237-2" pos="PTKNEG" verified="no">nueme</w>
          <w n="0-237-3" pos="ADV" verified="no">soo</w>
          <w n="0-237-4" pos="PIS" verified="no">viel</w>
          <w n="0-237-5" pos="XY" verified="no">:D</w>
          <w n="0-237-6" pos="PPER" verified="no">ich</w>
          <w n="0-237-7" pos="VVFIN" verified="no">gah</w>
          <w n="0-237-8" pos="ADV" verified="no">jetzt</w>
          <w n="0-237-9" pos="KON" verified="no">abr</w>
          <w n="0-237-10" pos="ADV" verified="no">au</w>
          <w n="0-237-11" pos="ADV" verified="no">na</w>
          <w n="0-237-12" pos="PTKINF" verified="no">go</w>
          <w n="0-237-13" pos="VVINF" verified="no">jogge</w>
          <w n="0-237-14" pos="APPR" verified="no">mit</w>
          <w n="0-237-15" pos="ART" verified="no">de</w>
          <w n="0-237-16" pos="NE" verified="no">Kekka</w>
          <w n="0-237-17" pos="$(" verified="no">(</w>
          <w n="0-237-18" pos="NE" verified="no">Francesca</w>
          <w n="0-237-19" pos="$(" verified="no">)</w>
          <w n="0-237-20" pos="CARD" verified="no">2</w>
          <w n="0-237-21" pos="ADV" verified="no">mal</w>
          <w n="0-237-22" pos="APPR" verified="no">i</w>
          <w n="0-237-23" pos="ART" verified="no">de</w>
          <w n="0-237-24" pos="NN" verified="no">Wuche</w>
          <w n="0-237-25" pos="$." verified="no">.</w>
        </s>
      </article>
      <article n="1" dialect="various" title="Blog Aline">
        <s n="1-161" reduplication="yes">
          <w n="1-161-0" pos="$(" verified="no">)</w>
          <w n="1-161-1" pos="APPR" verified="no">nach</w>
          <w n="1-161-2" pos="ART" verified="no">de</w>
          <w n="1-161-3" pos="NN" verified="no">Wälder</w>
          <w n="1-161-4" pos="APPR" verified="no">nach</w>
          <w n="1-161-5" pos="ART" verified="no">de</w>
          <w n="1-161-6" pos="NN" verified="no">Seä</w>
          <w n="1-161-7" pos="KON" verified="no">und</w>
          <w n="1-161-8" pos="APPRART" verified="no">nachem</w>
          <w n="1-161-9" pos="NN" verified="no">Schneheheeee</w>
          <w n="1-161-10" pos="KON" verified="no">und</w>
          <w n="1-161-11" pos="PPER" verified="no">i</w>
          <w n="1-161-12" pos="VAFIN" verified="no">bi</w>
          <w n="1-161-13" pos="ADV" verified="no">wiit</w>
          <w n="1-161-14" pos="ADV" verified="no">wäg</w>
          <w n="1-161-15" pos="APPR" verified="no">vo</w>
          <w n="1-161-16" pos="NN" verified="no">Diheime</w>
          <w n="1-161-17" pos="$," verified="no">,</w>
          <w n="1-161-18" pos="APPRART" verified="no">ide</w>
          <w n="1-161-19" pos="NN" verified="no">Stadt</w>
          <w n="1-161-20" pos="PRELS+" verified="no">woni</w>
          <w n="1-161-21" pos="PTKNEG" verified="no">nöd</w>
          <w n="1-161-22" pos="VMFIN" verified="no">wot</w>
          <w n="1-161-23" pos="VAINF" verified="yes">siiii</w>
          <w n="1-161-24" pos="$(" verified="no">(</w>
          <w n="1-161-25" pos="PPER" verified="no">ich</w>
          <w n="1-161-26" pos="VVFIN" verified="no">glaub</w>
          <w n="1-161-27" pos="ADV" verified="no">grad</w>
          <w n="1-161-28" pos="ADV" verified="no">sälber</w>
          <w n="1-161-29" pos="PTKNEG" verified="no">nöd</w>
          <w n="1-161-30" pos="KOUS+" verified="no">dasich</w>
          <w n="1-161-31" pos="PDAT" verified="no">das</w>
          <w n="1-161-32" pos="NN" verified="no">Lied</w>
          <w n="1-161-33" pos="VVFIN" verified="yes">gang</w>
          <w n="1-161-34" pos="PTKINF" verified="no">go</w>
          <w n="1-161-35" pos="VVINF" verified="no">google</w>
          <w n="1-161-36" pos="KOUI+" verified="no">zum</w>
          <w n="1-161-37" pos="ART" verified="no">de</w>
          <w n="1-161-38" pos="NN" verified="no">Text</w>
          <w n="1-161-39" pos="VVINF" verified="no">fertigschriibe</w>
          <w n="1-161-40" pos="$(" verified="no">)</w>
          <w n="1-161-41" pos="VVPP" verified="no">verlore</w>
          <w n="1-161-42" pos="APPR" verified="no">i</w>
          <w n="1-161-43" pos="ADV" verified="no">so</w>
          <w n="1-161-44" pos="PIAT" verified="no">viune</w>
          <w n="1-161-45" pos="NN" verified="no">Lüüt</w>
          <w n="1-161-46" pos="PRELS+" verified="no">woni</w>
          <w n="1-161-47" pos="PTKNEG" verified="yes">ni</w>
          <w n="1-161-48" pos="VVFIN" verified="yes">Ma</w>
          <w n="1-161-49" pos="VVINF" verified="no">gseeeh</w>
          <w n="1-161-50" pos="$(" verified="no">(</w>
          <w n="1-161-51" pos="PTKNEG" verified="no">nicht</w>
          <w n="1-161-52" pos="ADJD" verified="no">wahr</w>
          <w n="1-161-53" pos="$." verified="no">!</w>
        </s>
      </article>
      <article n="3" dialect="various" title="Blog Anja">
        <s n="3-180" reduplication="yes">
          <w n="3-180-0" pos="PPER" verified="no">me</w>
          <w n="3-180-1" pos="VAFIN" verified="no">hend</w>
          <w n="3-180-2" pos="VVPP" verified="no">gseit</w>
          <w n="3-180-3" pos="PPER" verified="no">me</w>
          <w n="3-180-4" pos="VVFIN" verified="no">gönd</w>
          <w n="3-180-5" pos="PTKINF" verified="no">go</w>
          <w n="3-180-6" pos="ART" verified="no">das</w>
          <w n="3-180-7" pos="NN" verified="no">Pub</w>
          <w n="3-180-8" pos="VVINF" verified="no">sueche</w>
          <w n="3-180-9" pos="APPR" verified="no">vo</w>
          <w n="3-180-10" pos="ART" verified="no">de</w>
          <w n="3-180-11" pos="NN" verified="no">Serie</w>
          <w n="3-180-12" pos="KON" verified="no">und</w>
          <w n="3-180-13" pos="VVFIN" verified="no">sitzed</w>
          <w n="3-180-14" pos="ADV" verified="no">det</w>
          <w n="3-180-15" pos="PTKVZ" verified="yes">ane</w>
          <w n="3-180-16" pos="$." verified="no">..</w>
        </s>
        <s n="3-184" reduplication="yes">
          <w n="3-184-0" pos="PPER" verified="no">Mir</w>
          <w n="3-184-1" pos="VVFIN" verified="no">gönd</w>
          <w n="3-184-2" pos="ADV" verified="no">den</w>
          <w n="3-184-3" pos="ADV" verified="no">ame</w>
          <w n="3-184-4" pos="ADV" verified="no">au</w>
          <w n="3-184-5" pos="PIS" verified="no">ali</w>
          <w n="3-184-6" pos="ADV" verified="no">mitenand</w>
          <w n="3-184-7" pos="PTKINF" verified="no">go</w>
          <w n="3-184-8" pos="NN" verified="no">Zmittag</w>
          <w n="3-184-9" pos="VVINF" verified="no">esse</w>
          <w n="3-184-10" pos="$." verified="no">..</w>
        </s>
        <s n="3-363" reduplication="yes">
          <w n="3-363-0" pos="KON" verified="no">und</w>
          <w n="3-363-1" pos="PDS" verified="no">das</w>
          <w n="3-363-2" pos="VAFIN" verified="no">isch</w>
          <w n="3-363-3" pos="ADV" verified="no">den</w>
          <w n="3-363-4" pos="NN" verified="no">Tradition</w>
          <w n="3-363-5" pos="$," verified="no">,</w>
          <w n="3-363-6" pos="KOUS" verified="no">dass</w>
          <w n="3-363-7" pos="PPER" verified="no">mer</w>
          <w n="3-363-8" pos="VVFIN" verified="no">got</w>
          <w n="3-363-9" pos="PTKINF" verified="no">go</w>
          <w n="3-363-10" pos="VVINF" verified="no">ässe</w>
          <w n="3-363-11" pos="$." verified="no">.</w>
        </s>
        <s n="3-451" reduplication="yes">
          <w n="3-451-0" pos="XY" verified="no">;)</w>
          <w n="3-451-1" pos="APPRART" verified="no">Am</w>
          <w n="3-451-2" pos="NN" verified="no">Obig</w>
          <w n="3-451-3" pos="VAFIN+" verified="no">simer</w>
          <w n="3-451-4" pos="ADV" verified="no">den</w>
          <w n="3-451-5" pos="ADV" verified="no">no</w>
          <w n="3-451-6" pos="APPRART" verified="no">is</w>
          <w n="3-451-7" pos="NN" verified="no">Kino</w>
          <w n="3-451-8" pos="VVPP" verified="no">gange</w>
          <w n="3-451-9" pos="PTKINF" verified="no">go</w>
          <w n="3-451-10" pos="$(" verified="no">"</w>
          <w n="3-451-11" pos="FM" verified="no">Save</w>
          <w n="3-451-12" pos="FM" verified="no">Haven</w>
          <w n="3-451-13" pos="$(" verified="no">"</w>
          <w n="3-451-14" pos="VVINF" verified="no">luege</w>
          <w n="3-451-15" pos="$." verified="no">..</w>
        </s>
        <s n="3-731" reduplication="yes">
          <w n="3-731-0" pos="PDS" verified="no">die</w>
          <w n="3-731-1" pos="VAFIN" verified="no">isch</w>
          <w n="3-731-2" pos="ADV" verified="no">immer</w>
          <w n="3-731-3" pos="APPRART" verified="no">im</w>
          <w n="3-731-4" pos="NN" verified="no">Usgang</w>
          <w n="3-731-5" pos="KON" verified="no">und</w>
          <w n="3-731-6" pos="VVFIN" verified="no">chund</w>
          <w n="3-731-7" pos="ADV" verified="no">den</w>
          <w n="3-731-8" pos="APPRART" verified="no">am</w>
          <w n="3-731-9" pos="NN" verified="no">5i</w>
          <w n="3-731-10" pos="APPRART" verified="no">am</w>
          <w n="3-731-11" pos="NN" verified="no">morge</w>
          <w n="3-731-12" pos="PTKVZ" verified="no">hei</w>
          <w n="3-731-13" pos="KON" verified="no">und</w>
          <w n="3-731-14" pos="VVFIN" verified="no">got</w>
          <w n="3-731-15" pos="PTKINF" verified="no">go</w>
          <w n="3-731-16" pos="VVINF" verified="no">dusche</w>
          <w n="3-731-17" pos="KON" verified="no">und</w>
          <w n="3-731-18" pos="ADV" verified="no">den</w>
          <w n="3-731-19" pos="APPRART" verified="no">id</w>
          <w n="3-731-20" pos="NN" verified="no">Schuel</w>
          <w n="3-731-21" pos="$." verified="no">.</w>
        </s>
        <s n="3-1508" reduplication="yes">
          <w n="3-1508-0" pos="PDS" verified="no">Die</w>
          <w n="3-1508-1" pos="VAFIN" verified="no">hend</w>
          <w n="3-1508-2" pos="ADV" verified="no">den</w>
          <w n="3-1508-3" pos="VVPP" verified="no">gseit</w>
          <w n="3-1508-4" pos="PPER" verified="no">es</w>
          <w n="3-1508-5" pos="VVFIN" verified="no">got</w>
          <w n="3-1508-6" pos="ADV" verified="no">öpe</w>
          <w n="3-1508-7" pos="CARD" verified="no">40</w>
          <w n="3-1508-8" pos="NN" verified="no">Minute</w>
          <w n="3-1508-9" pos="KON" verified="no">und</w>
          <w n="3-1508-10" pos="PPER" verified="no">mir</w>
          <w n="3-1508-11" pos="VAFIN" verified="no">sind</w>
          <w n="3-1508-12" pos="ADV" verified="no">den</w>
          <w n="3-1508-13" pos="ADV" verified="no">halt</w>
          <w n="3-1508-14" pos="ADV" verified="no">no</w>
          <w n="3-1508-15" pos="PTKINF" verified="no">go</w>
          <w n="3-1508-16" pos="VVINF" verified="no">dusche</w>
          <w n="3-1508-17" pos="ADV" verified="no">vorher</w>
          <w n="3-1508-18" pos="$." verified="no">.</w>
        </s>
        <s n="3-1609" reduplication="yes">
          <w n="3-1609-0" pos="APPRART" verified="no">Am</w>
          <w n="3-1609-1" pos="ADJA" verified="no">nächste</w>
          <w n="3-1609-2" pos="NN" verified="no">Tag</w>
          <w n="3-1609-3" pos="VAFIN" verified="no">isch</w>
          <w n="3-1609-4" pos="PPER" verified="no">es</w>
          <w n="3-1609-5" pos="ADV" verified="no">wider</w>
          <w n="3-1609-6" pos="ADJD" verified="no">besser</w>
          <w n="3-1609-7" pos="VVPP" verified="no">gange</w>
          <w n="3-1609-8" pos="KON" verified="no">und</w>
          <w n="3-1609-9" pos="PPER" verified="no">me</w>
          <w n="3-1609-10" pos="VAFIN" verified="no">sind</w>
          <w n="3-1609-11" pos="PTKINF" verified="no">go</w>
          <w n="3-1609-12" pos="ART" verified="no">d'</w>
          <w n="3-1609-13" pos="NN" verified="no">Stadt</w>
          <w n="3-1609-14" pos="VVINF" verified="no">aluege</w>
          <w n="3-1609-15" pos="$." verified="no">..</w>
        </s>
      </article>
    </file>
    <file n="1" title="NOAH_blick">
      <article n="3" dialect="various" title="Kleinere Artikel">
        <s n="3-94" datposs="yes">
          <w n="3-94-0" pos="ART" verified="no">Em</w>
          <w n="3-94-1" pos="NE" verified="no">Thomas</w>
          <w n="3-94-2" pos="NE" verified="no">Meyer</w>
          <w n="3-94-3" pos="PPOSAT" verified="no">sis</w>
          <w n="3-94-4" pos="NN" verified="no">Huus</w>
          <w n="3-94-5" pos="VAFIN" verified="no">isch</w>
          <w n="3-94-6" pos="PTKNEG" verified="no">nöd</w>
          <w n="3-94-7" pos="VVPP" verified="no">uufzellt</w>
          <w n="3-94-8" pos="$." verified="no">.</w>
        </s>
        <s n="3-226" datposs="yes">
          <w n="3-226-0" pos="KOUS" verified="no">Obwohl</w>
          <w n="3-226-1" pos="ART" verified="no">de</w>
          <w n="3-226-2" pos="NE" verified="no">Nina</w>
          <w n="3-226-3" pos="NE" verified="no">Burri</w>
          <w n="3-226-4" pos="PPOSAT" verified="no">eri</w>
          <w n="3-226-5" pos="ADJA" verified="no">churze</w>
          <w n="3-226-6" pos="NN" verified="no">Hoor</w>
          <w n="3-226-7" pos="VVFIN" verified="no">gfalled</w>
          <w n="3-226-8" pos="$," verified="no">,</w>
          <w n="3-226-9" pos="VAFIN" verified="no">isch</w>
          <w n="3-226-10" pos="PPER" verified="no">s</w>
          <w n="3-226-11" pos="PPER" verified="no">ere</w>
          <w n="3-226-12" pos="ADJD" verified="no">schwer</w>
          <w n="3-226-13" pos="VVPP" verified="no">gfalla</w>
          <w n="3-226-14" pos="$." verified="no">:</w>
        </s>
        <s n="3-490" datposs="yes">
          <w n="3-490-0" pos="PPER" verified="no">Er</w>
          <w n="3-490-1" pos="VAFIN" verified="no">hegi</w>
          <w n="3-490-2" pos="VVPP" verified="no">dänkt</w>
          <w n="3-490-3" pos="$," verified="no">,</w>
          <w n="3-490-4" pos="PPER" verified="no">es</w>
          <w n="3-490-5" pos="VVFIN" verified="no">gföhrdi</w>
          <w n="3-490-6" pos="ART" verified="no">de</w>
          <w n="3-490-7" pos="NE" verified="no">Laura</w>
          <w n="3-490-8" pos="NE" verified="no">Mae</w>
          <w n="3-490-9" pos="PPOSAT" verified="no">ihri</w>
          <w n="3-490-10" pos="NN" verified="no">Ehe</w>
          <w n="3-490-11" pos="$," verified="no">,</w>
          <w n="3-490-12" pos="VAFIN" verified="no">hät</w>
          <w n="3-490-13" pos="PPER" verified="no">er</w>
          <w n="3-490-14" pos="VVPP" verified="no">gseit</w>
          <w n="3-490-15" pos="$," verified="no">,</w>
          <w n="3-490-16" pos="KON+" verified="no">unds</w>
          <w n="3-490-17" pos="PAV" verified="no">drum</w>
          <w n="3-490-18" pos="ADV" verified="no">denn</w>
          <w n="3-490-19" pos="CARD" verified="no">2001</w>
          <w n="3-490-20" pos="ART" verified="no">em</w>
          <w n="3-490-21" pos="NN" verified="no">Museum</w>
          <w n="3-490-22" pos="VVPP" verified="no">geh</w>
          <w n="3-490-23" pos="$." verified="no">.</w>
        </s>
      </article>
    </file>
    <file n="2" title="NOAH_schobinger">
      <article n="0" dialect="various" title="Biografii Viktor Schobinger">
        <s n="0-20" datposs="yes">
          <w n="0-20-0" pos="ADJA" verified="no">Züritüütschi</w>
          <w n="0-20-1" pos="NN" verified="no">Wèrch</w>
          <w n="0-20-2" pos="ART" verified="yes">Em</w>
          <w n="0-20-3" pos="NE" verified="no">Schobinger</w>
          <w n="0-20-4" pos="PPOSAT" verified="no">sini</w>
          <w n="0-20-5" pos="ADJA" verified="no">mäischte</w>
          <w n="0-20-6" pos="NN" verified="no">Wèrch</w>
          <w n="0-20-7" pos="VAFIN" verified="no">sind</w>
          <w n="0-20-8" pos="ADJD" verified="yes">Züritüütsch</w>
          <w n="0-20-9" pos="VVPP" verified="no">gschribe</w>
          <w n="0-20-10" pos="$." verified="no">:</w>
        </s>
      </article>
      <article n="2" dialect="various" title="Daas maal chunt der Ääschme z schpaat">
        <s n="2-3" datposs="yes">
          <w n="2-3-0" pos="ART" verified="no">De</w>
          <w n="2-3-1" pos="NE" verified="no">Harald</w>
          <w n="2-3-2" pos="NE" verified="no">Haueschild</w>
          <w n="2-3-3" pos="VAFIN" verified="no">hät</w>
          <w n="2-3-4" pos="NN" verified="no">Gält</w>
          <w n="2-3-5" pos="KON" verified="no">und</w>
          <w n="2-3-6" pos="APPR" verified="no">mit</w>
          <w n="2-3-7" pos="ART" verified="no">em</w>
          <w n="2-3-8" pos="NE" verified="no">Ääschme</w>
          <w n="2-3-9" pos="PPOSAT" verified="no">sinere</w>
          <w n="2-3-10" pos="NN" verified="no">Scheffin</w>
          <w n="2-3-11" pos="VVPP" verified="no">gschtudiert</w>
          <w n="2-3-12" pos="$." verified="no">.</w>
        </s>
        <s n="2-14" csd="yes">
          <w n="2-14-0" pos="ART" verified="no">S</w>
          <w n="2-14-1" pos="$(" verified="no">‹</w>
          <w n="2-14-2" pos="NN" verified="no">Chrischchindli</w>
          <w n="2-14-3" pos="$(" verified="no">›</w>
          <w n="2-14-4" pos="VAFIN" verified="no">häd</w>
          <w n="2-14-5" pos="PPER" verified="yes">en</w>
          <w n="2-14-6" pos="APPR" verified="no">zu</w>
          <w n="2-14-7" pos="PPOSAT" verified="no">iren</w>
          <w n="2-14-8" pos="ADV" verified="yes">übere</w>
          <w n="2-14-9" pos="VVINF" verified="yes">la</w>
          <w n="2-14-10" pos="VVINF" verified="yes">voortraabe</w>
          <w n="2-14-11" pos="$." verified="no">.</w>
        </s>
        <s n="2-19" datposs="yes">
          <w n="2-19-0" pos="$(" verified="no">«</w>
          <w n="2-19-1" pos="ART" verified="no">Em</w>
          <w n="2-19-2" pos="NN" verified="no">Hèr</w>
          <w n="2-19-3" pos="NN" verified="no">Tokter</w>
          <w n="2-19-4" pos="NE" verified="no">Haueschild</w>
          <w n="2-19-5" pos="PPOSAT" verified="no">sini</w>
          <w n="2-19-6" pos="NN" verified="no">Tochter</w>
          <w n="2-19-7" pos="VAFIN" verified="no">isch</w>
          <w n="2-19-8" pos="VVPP" verified="no">verschwunde</w>
          <w n="2-19-9" pos="$," verified="no">,</w>
          <w n="2-19-10" pos="VVPP" verified="no">entfüert</w>
          <w n="2-19-11" pos="$," verified="no">,</w>
          <w n="2-19-12" pos="KOKOM" verified="no">wie</w>
          <w n="2-19-13" pos="PPER" verified="no">s</w>
          <w n="2-19-14" pos="VVFIN" verified="yes">uusgseet</w>
          <w n="2-19-15" pos="$." verified="no">.</w>
        </s>
      </article>
      <article n="4" dialect="various" title="Der Ääschme macht e zwäiti Ggarièère">
        <s n="4-11" datposs="yes">
          <w n="4-11-0" pos="ART" verified="no">De</w>
          <w n="4-11-1" pos="NN" verified="no">Grã-scheff</w>
          <w n="4-11-2" pos="$," verified="no">,</w>
          <w n="4-11-3" pos="ART" verified="no">de</w>
          <w n="4-11-4" pos="NN" verified="no">Polizeioberscht</w>
          <w n="4-11-5" pos="NE" verified="no">Feisler</w>
          <w n="4-11-6" pos="$," verified="no">,</w>
          <w n="4-11-7" pos="VVFIN" verified="no">suecht</w>
          <w n="4-11-8" pos="APPR" verified="no">nach</w>
          <w n="4-11-9" pos="ART" verified="no">de</w>
          <w n="4-11-10" pos="ADJA" verified="no">richtige</w>
          <w n="4-11-11" pos="NN" verified="no">Wörter</w>
          <w n="4-11-12" pos="$(" verified="no">–</w>
          <w n="4-11-13" pos="PPER" verified="no">èèr</w>
          <w n="4-11-14" pos="$," verified="no">,</w>
          <w n="4-11-15" pos="PRELS" verified="no">wo</w>
          <w n="4-11-16" pos="APPR" verified="no">nach</w>
          <w n="4-11-17" pos="ART" verified="no">em</w>
          <w n="4-11-18" pos="NE" verified="no">Ääschme</w>
          <w n="4-11-19" pos="PPOSAT" verified="no">sineren</w>
          <w n="4-11-20" pos="NN" verified="no">Erfaarig</w>
          <w n="4-11-21" pos="PTKNEG" verified="no">nöd</w>
          <w n="4-11-22" pos="ADV" verified="no">emal</w>
          <w n="4-11-23" pos="APPRART" verified="no">bim</w>
          <w n="4-11-24" pos="NN" verified="no">Reden</w>
          <w n="4-11-25" pos="ART" verified="no">en</w>
          <w n="4-11-26" pos="NN" verified="no">Komafèèler</w>
          <w n="4-11-27" pos="VVFIN" verified="no">macht</w>
          <w n="4-11-28" pos="$." verified="no">.</w>
        </s>
      </article>
      <article n="6" dialect="various" title="Der Ääschme wììrt versetzt">
        <s n="6-33" datposs="yes">
          <w n="6-33-0" pos="PWS" verified="no">Werum</w>
          <w n="6-33-1" pos="VVFIN" verified="no">liid</w>
          <w n="6-33-2" pos="PPER" verified="no">er</w>
          <w n="6-33-3" pos="ADV" verified="no">dänn</w>
          <w n="6-33-4" pos="VVFIN" verified="no">näbet</w>
          <w n="6-33-5" pos="ART" verified="no">em</w>
          <w n="6-33-6" pos="NE" verified="no">Wèètli</w>
          <w n="6-33-7" pos="PPOSAT" verified="no">siim</w>
          <w n="6-33-8" pos="NN" verified="no">Pult</w>
          <w n="6-33-9" pos="$." verified="no">?</w>
        </s>
        <s n="6-43" datposs="yes">
          <w n="6-43-0" pos="KON" verified="no">Aber</w>
          <w n="6-43-1" pos="ART" verified="no">em</w>
          <w n="6-43-2" pos="NE" verified="no">Ääschme</w>
          <w n="6-43-3" pos="PPOSAT" verified="no">siin</w>
          <w n="6-43-4" pos="NN" verified="no">Koleeg</w>
          <w n="6-43-5" pos="NN" verified="no">Pünter</w>
          <w n="6-43-6" pos="APPR" verified="no">vo</w>
          <w n="6-43-7" pos="ART" verified="no">de</w>
          <w n="6-43-8" pos="$(" verified="no">‹</w>
          <w n="6-43-9" pos="NN" verified="no">Drooge</w>
          <w n="6-43-10" pos="$(" verified="no">›</w>
          <w n="6-43-11" pos="VAFIN" verified="no">häd</w>
          <w n="6-43-12" pos="PPER" verified="no">en</w>
          <w n="6-43-13" pos="APPR" verified="no">uf</w>
          <w n="6-43-14" pos="ADV" verified="no">mee</w>
          <w n="6-43-15" pos="KOKOM" verified="no">als</w>
          <w n="6-43-16" pos="CARD" verified="no">äim</w>
          <w n="6-43-17" pos="NN" verified="no">Organigramm</w>
          <w n="6-43-18" pos="$," verified="no">,</w>
          <w n="6-43-19" pos="APPR" verified="no">mit</w>
          <w n="6-43-20" pos="ART" verified="no">eme</w>
          <w n="6-43-21" pos="NN" verified="no">Fraagezäiche</w>
          <w n="6-43-22" pos="APPR" verified="no">hinder</w>
          <w n="6-43-23" pos="ART" verified="no">em</w>
          <w n="6-43-24" pos="NN" verified="no">Name</w>
          <w n="6-43-25" pos="$," verified="no">,</w>
          <w n="6-43-26" pos="KON" verified="no">und</w>
          <w n="6-43-27" pos="PPOSAT" verified="no">siin</w>
          <w n="6-43-28" pos="ADJA" verified="no">andere</w>
          <w n="6-43-29" pos="NN" verified="no">Koleeg</w>
          <w n="6-43-30" pos="NE" verified="no">Burkert</w>
          <w n="6-43-31" pos="VVFIN" verified="no">känt</w>
          <w n="6-43-32" pos="ART" verified="no">en</w>
          <w n="6-43-33" pos="KOKOM" verified="no">als</w>
          <w n="6-43-34" pos="NN" verified="no">Gältwäscher</w>
          <w n="6-43-35" pos="$," verified="no">,</w>
          <w n="6-43-36" pos="APPR" verified="no">mit</w>
          <w n="6-43-37" pos="ART" verified="no">eme</w>
          <w n="6-43-38" pos="NN" verified="no">Fraagezäiche</w>
          <w n="6-43-39" pos="APPR" verified="no">hinder</w>
          <w n="6-43-40" pos="ART" verified="no">em</w>
          <w n="6-43-41" pos="NN" verified="no">Name</w>
          <w n="6-43-42" pos="$." verified="no">.</w>
        </s>
      </article>
      <article n="8" dialect="various" title="Der Ääschmen und de mord im schloss">
        <s n="8-13" datposs="yes">
          <w n="8-13-0" pos="ART" verified="no">De</w>
          <w n="8-13-1" pos="NN" verified="no">Mordwage</w>
          <w n="8-13-2" pos="VVFIN" verified="no">schtaat</w>
          <w n="8-13-3" pos="ADV" verified="no">daa</w>
          <w n="8-13-4" pos="$," verified="no">,</w>
          <w n="8-13-5" pos="ART" verified="no">em</w>
          <w n="8-13-6" pos="NN" verified="no">Bezììrksaawalt</w>
          <w n="8-13-7" pos="PPOSAT" verified="no">siin</w>
          <w n="8-13-8" pos="ADJA" verified="no">elegante</w>
          <w n="8-13-9" pos="ADJA" verified="no">root</w>
          <w n="8-13-10" pos="NN" verified="no">Porsché</w>
          <w n="8-13-11" pos="$," verified="no">,</w>
          <w n="8-13-12" pos="ART" verified="no">d</w>
          <w n="8-13-13" pos="NN" verified="no">Dienschtwäge</w>
          <w n="8-13-14" pos="APPRART" verified="no">vom</w>
          <w n="8-13-15" pos="NE" verified="no">Chèèrn</w>
          <w n="8-13-16" pos="KON" verified="no">und</w>
          <w n="8-13-17" pos="APPRART" verified="no">vom</w>
          <w n="8-13-18" pos="NE" verified="no">Füessli</w>
          <w n="8-13-19" pos="$," verified="no">,</w>
          <w n="8-13-20" pos="ART" verified="no">en</w>
          <w n="8-13-21" pos="ADJA" verified="no">wiisse</w>
          <w n="8-13-22" pos="NN" verified="no">Schträiffewage</w>
          <w n="8-13-23" pos="APPR" verified="no">mit</w>
          <w n="8-13-24" pos="ART" verified="no">em</w>
          <w n="8-13-25" pos="ADJA" verified="no">roote</w>
          <w n="8-13-26" pos="NN" verified="no">Schtrich</w>
          <w n="8-13-27" pos="$," verified="no">,</w>
          <w n="8-13-28" pos="ADV" verified="no">vermuetli</w>
          <w n="8-13-29" pos="APPR" verified="no">vo</w>
          <w n="8-13-30" pos="NN" verified="no">Wintertuur</w>
          <w n="8-13-31" pos="$." verified="no">.</w>
        </s>
        <s n="8-14" datposs="yes">
          <w n="8-14-0" pos="KON" verified="no">Und</w>
          <w n="8-14-1" pos="ART" verified="no">em</w>
          <w n="8-14-2" pos="NN" verified="no">Scheff</w>
          <w n="8-14-3" pos="PPOSAT" verified="no">siin</w>
          <w n="8-14-4" pos="NN" verified="no">Wage</w>
          <w n="8-14-5" pos="$(" verified="no">–</w>
          <w n="8-14-6" pos="APPR" verified="no">mit</w>
          <w n="8-14-7" pos="ART" verified="no">de</w>
          <w n="8-14-8" pos="NN" verified="no">Vorderreder</w>
          <w n="8-14-9" pos="APPR" verified="no">uf</w>
          <w n="8-14-10" pos="ART" verified="no">em</w>
          <w n="8-14-11" pos="NN" verified="no">Raase</w>
          <w n="8-14-12" pos="$." verified="no">.</w>
        </s>
      </article>
      <article n="10" dialect="various" title="Em Ääschme chund en Gott i d Quèèri">
        <s n="10-29" datposs="yes">
          <w n="10-29-0" pos="ADV" verified="no">Ganz</w>
          <w n="10-29-1" pos="ART" verified="no">em</w>
          <w n="10-29-2" pos="NE" verified="no">Ääschme</w>
          <w n="10-29-3" pos="PPOSAT" verified="no">sini</w>
          <w n="10-29-4" pos="NN" verified="no">Mäinig</w>
          <w n="10-29-5" pos="$," verified="no">,</w>
          <w n="10-29-6" pos="PRELS" verified="no">wo</w>
          <w n="10-29-7" pos="ART" verified="yes">s</w>
          <w n="10-29-8" pos="ADJA" verified="no">zwäit</w>
          <w n="10-29-9" pos="NN" verified="no">Maal</w>
          <w n="10-29-10" pos="APPR" verified="no">um</w>
          <w n="10-29-11" pos="ART" verified="no">de</w>
          <w n="10-29-12" pos="NN" verified="no">Toot</w>
          <w n="10-29-13" pos="KON" verified="no">und</w>
          <w n="10-29-14" pos="ART" verified="no">de</w>
          <w n="10-29-15" pos="NN" verified="no">Ggrichtsmediziiner</w>
          <w n="10-29-16" pos="KON" verified="no">und</w>
          <w n="10-29-17" pos="ART" verified="no">de</w>
          <w n="10-29-18" pos="NN" verified="no">Schtruuch</w>
          <w n="10-29-19" pos="ADV" verified="yes">ume</w>
          <w n="10-29-20" pos="VVFIN" verified="no">laufft</w>
          <w n="10-29-21" pos="$." verified="no">.</w>
        </s>
      </article>
      <article n="12" dialect="various" title="Em Ääschme sini versouet Wienacht">
        <s n="12-0" datposs="yes">
          <w n="12-0-0" pos="NE" verified="no">Viktor</w>
          <w n="12-0-1" pos="NE" verified="no">Schobinger</w>
          <w n="12-0-2" pos="ART" verified="no">Em</w>
          <w n="12-0-3" pos="NE" verified="no">Ääschme</w>
          <w n="12-0-4" pos="PPOSAT" verified="no">sini</w>
          <w n="12-0-5" pos="ADJA" verified="no">versouet</w>
          <w n="12-0-6" pos="NN" verified="no">Wienacht</w>
          <w n="12-0-7" pos="$(" verified="no">(</w>
          <w n="12-0-8" pos="CARD" verified="no">2003</w>
          <w n="12-0-9" pos="$(" verified="no">)</w>
          <w n="12-0-10" pos="KON" verified="no">Aber</w>
          <w n="12-0-11" pos="CARD" verified="no">ein</w>
          <w n="12-0-12" pos="NN" verified="no">Mord</w>
          <w n="12-0-13" pos="VVFIN" verified="no">wirfft</w>
          <w n="12-0-14" pos="ART" verified="no">em</w>
          <w n="12-0-15" pos="NE" verified="no">Ääschme</w>
          <w n="12-0-16" pos="PPOSAT" verified="no">sini</w>
          <w n="12-0-17" pos="NN" verified="no">Fiirtigsplaanig</w>
          <w n="12-0-18" pos="APPR" verified="no">über</w>
          <w n="12-0-19" pos="ART" verified="no">de</w>
          <w n="12-0-20" pos="NN" verified="no">Huuffe</w>
          <w n="12-0-21" pos="$." verified="no">.</w>
        </s>
      </article>
      <article n="13" dialect="various" title="Em Ääschme sini vier Bäize">
        <s n="13-0" datposs="yes">
          <w n="13-0-0" pos="NE" verified="no">Viktor</w>
          <w n="13-0-1" pos="NE" verified="no">Schobinger</w>
          <w n="13-0-2" pos="ART" verified="no">Em</w>
          <w n="13-0-3" pos="NE" verified="no">Ääschme</w>
          <w n="13-0-4" pos="PPOSAT" verified="no">sini</w>
          <w n="13-0-5" pos="CARD" verified="no">vier</w>
          <w n="13-0-6" pos="NN" verified="no">Bäize</w>
          <w n="13-0-7" pos="$(" verified="no">(</w>
          <w n="13-0-8" pos="CARD" verified="no">2005</w>
          <w n="13-0-9" pos="$(" verified="no">)</w>
          <w n="13-0-10" pos="PDS" verified="no">Dèè</w>
          <w n="13-0-11" pos="VVFIN" verified="no">säit</w>
          <w n="13-0-12" pos="ADV" verified="no">dän</w>
          <w n="13-0-13" pos="ART" verified="no">em</w>
          <w n="13-0-14" pos="NN" verified="no">Lütnand</w>
          <w n="13-0-15" pos="$," verified="no">,</w>
          <w n="13-0-16" pos="PRELS" verified="no">was</w>
          <w n="13-0-17" pos="PPER" verified="no">er</w>
          <w n="13-0-18" pos="PTKZU" verified="no">z</w>
          <w n="13-0-19" pos="VVINF" verified="no">tue</w>
          <w n="13-0-20" pos="VAFIN" verified="no">hät</w>
          <w n="13-0-21" pos="$." verified="no">.</w>
        </s>
        <s n="13-9" datposs="yes">
          <w n="13-9-0" pos="ART" verified="no">de</w>
          <w n="13-9-1" pos="NN" verified="no">Hèr</w>
          <w n="13-9-2" pos="NE" verified="no">Isering</w>
          <w n="13-9-3" pos="VVFIN" verified="no">chlopfet</w>
          <w n="13-9-4" pos="APPR" verified="no">mit</w>
          <w n="13-9-5" pos="ART" verified="no">em</w>
          <w n="13-9-6" pos="NN" verified="no">Chnödli</w>
          <w n="13-9-7" pos="APPRART" verified="no">vom</w>
          <w n="13-9-8" pos="NN" verified="no">Mittelfinger</w>
          <w n="13-9-9" pos="APPR" verified="no">uf</w>
          <w n="13-9-10" pos="ART" verified="no">em</w>
          <w n="13-9-11" pos="NE" verified="no">Ääschme</w>
          <w n="13-9-12" pos="PPOSAT" verified="no">sis</w>
          <w n="13-9-13" pos="ADJA" verified="no">alt</w>
          <w n="13-9-14" pos="NN" verified="no">äichepult</w>
          <w n="13-9-15" pos="$," verified="no">,</w>
          <w n="13-9-16" pos="$(" verified="no">«</w>
          <w n="13-9-17" pos="ADV" verified="no">susch</w>
          <w n="13-9-18" pos="VMFIN" verified="no">wänd</w>
          <w n="13-9-19" pos="PPER" verified="no">ich</w>
          <w n="13-9-20" pos="PRF" verified="no">mììch</w>
          <w n="13-9-21" pos="APPR" verified="no">an</w>
          <w n="13-9-22" pos="ART" verified="no">en</w>
          <w n="13-9-23" pos="ADJA" verified="no">anderi</w>
          <w n="13-9-24" pos="NN" verified="no">Schtell</w>
          <w n="13-9-25" pos="$." verified="no">.</w>
          <w n="13-9-26" pos="$(" verified="no">»</w>
        </s>
        <s n="13-50" datposs="yes">
          <w n="13-50-0" pos="ART" verified="no">De</w>
          <w n="13-50-1" pos="NE" verified="no">Rolf</w>
          <w n="13-50-2" pos="VAFIN" verified="no">isch</w>
          <w n="13-50-3" pos="ART" verified="no">de</w>
          <w n="13-50-4" pos="NN" verified="no">Regierigsraat</w>
          <w n="13-50-5" pos="$," verified="no">,</w>
          <w n="13-50-6" pos="ART" verified="no">de</w>
          <w n="13-50-7" pos="NE" verified="no">Rolf</w>
          <w n="13-50-8" pos="NE" verified="no">Pfischter</w>
          <w n="13-50-9" pos="$," verified="no">,</w>
          <w n="13-50-10" pos="ART" verified="no">em</w>
          <w n="13-50-11" pos="NE" verified="no">Ääschme</w>
          <w n="13-50-12" pos="PPOSAT" verified="no">siin</w>
          <w n="13-50-13" pos="ADJA" verified="no">aleroberscht</w>
          <w n="13-50-14" pos="NN" verified="no">Scheff</w>
          <w n="13-50-15" pos="$." verified="no">.</w>
        </s>
      </article>
      <article n="14" dialect="various" title="En alte Schuelkoleeg vom Ääschme">
        <s n="14-11" reduplication="yes">
          <w n="14-11-0" pos="ADV" verified="no">Wän</w>
          <w n="14-11-1" pos="ART" verified="no">e</w>
          <w n="14-11-2" pos="ADJA" verified="no">ledigs</w>
          <w n="14-11-3" pos="NN" verified="no">Mäitli</w>
          <w n="14-11-4" pos="APPR" verified="no">mit</w>
          <w n="14-11-5" pos="ART" verified="no">eme</w>
          <w n="14-11-6" pos="NN" verified="no">Chind</w>
          <w n="14-11-7" pos="VVFIN" verified="no">chunt</w>
          <w n="14-11-8" pos="PTKINF" verified="no">cho</w>
          <w n="14-11-9" pos="VVINF" verified="no">briegge</w>
          <w n="14-11-10" pos="$," verified="no">,</w>
          <w n="14-11-11" pos="VVFIN" verified="no">häisst</w>
          <w n="14-11-12" pos="PPER" verified="no">s</w>
          <w n="14-11-13" pos="$." verified="no">:</w>
        </s>
      </article>
      <article n="16" dialect="various" title="Psuech für der Ääschmen us de Süüdsee">
        <s n="16-27" reduplication="yes">
          <w n="16-27-0" pos="PIS" verified="no">Äine</w>
          <w n="16-27-1" pos="APPR" verified="no">von</w>
          <w n="16-27-2" pos="PPER" verified="no">ene</w>
          <w n="16-27-3" pos="VVFIN" verified="no">laufft</w>
          <w n="16-27-4" pos="ADV" verified="no">imer</w>
          <w n="16-27-5" pos="ADV" verified="no">hinder</w>
          <w n="16-27-6" pos="PPER" verified="no">mer</w>
          <w n="16-27-7" pos="ADV" verified="no">hèèr</w>
          <w n="16-27-8" pos="$," verified="no">,</w>
          <w n="16-27-9" pos="ADV" verified="no">wän</w>
          <w n="16-27-10" pos="PPER" verified="no">i</w>
          <w n="16-27-11" pos="VVFIN" verified="yes">gang</w>
          <w n="16-27-12" pos="PTKINF" verified="no">go</w>
          <w n="16-27-13" pos="VVINF" verified="no">schaffe</w>
          <w n="16-27-14" pos="$." verified="no">.</w>
        </s>
        <s n="16-66" reduplication="yes">
          <w n="16-66-0" pos="PPER" verified="no">Ich</w>
          <w n="16-66-1" pos="VVFIN" verified="yes">gang</w>
          <w n="16-66-2" pos="ADV" verified="no">ufe</w>
          <w n="16-66-3" pos="PTKINF" verified="no">go</w>
          <w n="16-66-4" pos="VVINF" verified="no">luege</w>
          <w n="16-66-5" pos="$," verified="no">,</w>
          <w n="16-66-6" pos="PWS" verified="yes">was</w>
          <w n="16-66-7" pos="VVPP" verified="no">passiert</w>
          <w n="16-66-8" pos="VAFIN" verified="no">isch</w>
          <w n="16-66-9" pos="$," verified="no">,</w>
          <w n="16-66-10" pos="KOUS" verified="yes">da</w>
          <w n="16-66-11" pos="VVFIN" verified="yes">gseen</w>
          <w n="16-66-12" pos="PPER" verified="yes">i</w>
          <w n="16-66-13" pos="CARD" verified="no">vier</w>
          <w n="16-66-14" pos="ADJA" verified="yes">tunkli</w>
          <w n="16-66-15" pos="NN" verified="no">Mane</w>
          <w n="16-66-16" pos="$," verified="no">,</w>
          <w n="16-66-17" pos="PRELS" verified="no">won</w>
          <w n="16-66-18" pos="APPR" verified="no">um</w>
          <w n="16-66-19" pos="PPOSAT" verified="no">mini</w>
          <w n="16-66-20" pos="NN" verified="no">Elteren</w>
          <w n="16-66-21" pos="VVFIN" verified="yes">umeschtönd</w>
          <w n="16-66-22" pos="$." verified="no">.</w>
        </s>
      </article>
    </file>
    <file n="3" title="NOAH_wiki">
      <article n="2" dialect="various" title="wiki bern">
        <s n="2-78" reduplication="yes">
          <w n="2-78-0" pos="APPRART" verified="no">ir</w>
          <w n="2-78-1" pos="NN" verified="no">Umgangsschprach</w>
          <w n="2-78-2" pos="VVFIN" verified="no">seit</w>
          <w n="2-78-3" pos="PIS" verified="no">me</w>
          <w n="2-78-4" pos="ADV" verified="no">ender</w>
          <w n="2-78-5" pos="$(" verified="no">"</w>
          <w n="2-78-6" pos="VVFIN" verified="no">chäm</w>
          <w n="2-78-7" pos="PIS" verified="no">öpper</w>
          <w n="2-78-8" pos="ADV" verified="no">no</w>
          <w n="2-78-9" pos="CARD" verified="no">eis</w>
          <w n="2-78-10" pos="PTKINF" verified="no">cho</w>
          <w n="2-78-11" pos="VVINF" verified="no">näh</w>
          <w n="2-78-12" pos="$." verified="no">?</w>
        </s>
        <s n="2-79" reduplication="yes">
          <w n="2-79-0" pos="$(" verified="no">"</w>
          <w n="2-79-1" pos="KOKOM" verified="no">aus</w>
          <w n="2-79-2" pos="$(" verified="no">"</w>
          <w n="2-79-3" pos="VVFIN" verified="no">chunnt</w>
          <w n="2-79-4" pos="PIS" verified="no">öpper</w>
          <w n="2-79-5" pos="ADV" verified="no">no</w>
          <w n="2-79-6" pos="CARD" verified="no">eis</w>
          <w n="2-79-7" pos="PTKINF" verified="no">cho</w>
          <w n="2-79-8" pos="VVFIN" verified="no">nä</w>
          <w n="2-79-9" pos="$." verified="no">?</w>
        </s>
        <s n="2-124" datposs="yes">
          <w n="2-124-0" pos="ART" verified="no">em</w>
          <w n="2-124-1" pos="NE" verified="no">Pedro</w>
          <w n="2-124-2" pos="NE" verified="no">Lenz</w>
          <w n="2-124-3" pos="PPOSAT" verified="no">syni</w>
          <w n="2-124-4" pos="ADJA" verified="no">träfe</w>
          <w n="2-124-5" pos="NN" verified="no">Churzgschichte</w>
          <w n="2-124-6" pos="VAFIN" verified="no">sy</w>
          <w n="2-124-7" pos="ART" verified="no">en</w>
          <w n="2-124-8" pos="NN" verified="no">Art</w>
          <w n="2-124-9" pos="ADJA" verified="no">modärnschti</w>
          <w n="2-124-10" pos="NN" verified="no">Lyrik</w>
          <w n="2-124-11" pos="$." verified="no">.</w>
        </s>
      </article>
      <article n="3" dialect="various" title="wiki ostschweiz">
        <s n="3-129" datposs="yes">
          <w n="3-129-0" pos="KON" verified="no">aber</w>
          <w n="3-129-1" pos="ADJD" verified="no">sicher</w>
          <w n="3-129-2" pos="VAFIN" verified="no">hend</w>
          <w n="3-129-3" pos="ART" verified="no">d</w>
          <w n="3-129-4" pos="NN" verified="no">Alemane</w>
          <w n="3-129-5" pos="ADV" verified="no">au</w>
          <w n="3-129-6" pos="ART" verified="no">d</w>
          <w n="3-129-7" pos="NE" verified="no">Frîja</w>
          <w n="3-129-8" pos="$," verified="no">,</w>
          <w n="3-129-9" pos="ART" verified="no">em</w>
          <w n="3-129-10" pos="NE" verified="no">Woatan</w>
          <w n="3-129-11" pos="PPOSAT" verified="no">sini</w>
          <w n="3-129-12" pos="NN" verified="no">Frau</w>
          <w n="3-129-13" pos="$," verified="no">,</w>
          <w n="3-129-14" pos="KON" verified="no">und</w>
          <w n="3-129-15" pos="ART" verified="no">de</w>
          <w n="3-129-16" pos="NE" verified="yes">Zîu</w>
          <w n="3-129-17" pos="VVPP" verified="no">verehrt</w>
          <w n="3-129-18" pos="$." verified="no">.</w>
        </s>
      </article>
      <article n="4" dialect="various" title="wiki zürich">
        <s n="4-75" datposs="yes">
          <w n="4-75-0" pos="$(" verified="no">[</w>
          <w n="4-75-1" pos="VVINF" verified="no">ändere</w>
          <w n="4-75-2" pos="$(" verified="no">]</w>
          <w n="4-75-3" pos="ART" verified="no">dr</w>
          <w n="4-75-4" pos="ADJA" verified="no">englisch</w>
          <w n="4-75-5" pos="NN" verified="no">Bürgerchrieg</w>
          <w n="4-75-6" pos="CARD" verified="no">1641</w>
          <w n="4-75-7" pos="APPR" verified="no">-</w>
          <w n="4-75-8" pos="CARD" verified="no">1660</w>
          <w n="4-75-9" pos="ART" verified="no">e</w>
          <w n="4-75-10" pos="ADJA" verified="no">eigeni</w>
          <w n="4-75-11" pos="NN" verified="no">Konfliktsituation</w>
          <w n="4-75-12" pos="APPR" verified="no">vo</w>
          <w n="4-75-13" pos="ADJA" verified="no">religiös-schtaatlicher</w>
          <w n="4-75-14" pos="NN" verified="no">Dimension</w>
          <w n="4-75-15" pos="VVFIN" verified="no">findt</w>
          <w n="4-75-16" pos="APPR" verified="no">in</w>
          <w n="4-75-17" pos="NE" verified="no">Grossbritannien</w>
          <w n="4-75-18" pos="APPR" verified="no">ab</w>
          <w n="4-75-19" pos="ART" verified="no">de</w>
          <w n="4-75-20" pos="NN" verified="no">1640er</w>
          <w n="4-75-21" pos="PPOSAT" verified="no">ihre</w>
          <w n="4-75-22" pos="NN" verified="no">Uustrag</w>
          <w n="4-75-23" pos="$." verified="no">.</w>
        </s>
        <s n="4-83" datposs="yes">
          <w n="4-83-0" pos="PPOSAT" verified="no">siin</w>
          <w n="4-83-1" pos="NN" verified="no">Sohn</w>
          <w n="4-83-2" pos="NE" verified="no">Karl</w>
          <w n="4-83-3" pos="NE" verified="no">Ii.</w>
          <w n="4-83-4" pos="VVFIN" verified="no">begit</w>
          <w n="4-83-5" pos="PRF" verified="no">sich</w>
          <w n="4-83-6" pos="APPR" verified="no">i</w>
          <w n="4-83-7" pos="ADJA" verified="no">französische</w>
          <w n="4-83-8" pos="NN" verified="no">Schutz</w>
          <w n="4-83-9" pos="$," verified="no">,</w>
          <w n="4-83-10" pos="KOUS" verified="no">während</w>
          <w n="4-83-11" pos="APPR" verified="no">in</w>
          <w n="4-83-12" pos="NE" verified="no">England</w>
          <w n="4-83-13" pos="ART" verified="no">d</w>
          <w n="4-83-14" pos="NN" verified="no">Gwaltherrschaft</w>
          <w n="4-83-15" pos="APPRART" verified="no">vom</w>
          <w n="4-83-16" pos="NE" verified="no">Oliver</w>
          <w n="4-83-17" pos="NE" verified="no">Cromwell</w>
          <w n="4-83-18" pos="VVFIN" verified="yes">aabricht</w>
          <w n="4-83-19" pos="$," verified="no">,</w>
          <w n="4-83-20" pos="PRELS" verified="no">wo</w>
          <w n="4-83-21" pos="CARD" verified="no">1660</w>
          <w n="4-83-22" pos="VVFIN" verified="yes">endet</w>
          <w n="4-83-23" pos="$," verified="no">,</w>
          <w n="4-83-24" pos="PRELS" verified="no">wo</w>
          <w n="4-83-25" pos="PRF" verified="no">sich</w>
          <w n="4-83-26" pos="VVFIN" verified="no">zeigt</w>
          <w n="4-83-27" pos="$," verified="no">,</w>
          <w n="4-83-28" pos="KOUS" verified="no">dass</w>
          <w n="4-83-29" pos="ART" verified="no">s</w>
          <w n="4-83-30" pos="ADJA" verified="no">neue</w>
          <w n="4-83-31" pos="NN" verified="no">Regime</w>
          <w n="4-83-32" pos="PTKNEG" verified="no">nöd</w>
          <w n="4-83-33" pos="APPR" verified="no">i</w>
          <w n="4-83-34" pos="ART" verified="no">dr</w>
          <w n="4-83-35" pos="NN" verified="no">Laag</w>
          <w n="4-83-36" pos="VAFIN" verified="no">isch</w>
          <w n="4-83-37" pos="$," verified="no">,</w>
          <w n="4-83-38" pos="ART" verified="no">e</w>
          <w n="4-83-39" pos="NN" verified="no">Kontinuität</w>
          <w n="4-83-40" pos="APPR" verified="no">vo</w>
          <w n="4-83-41" pos="ART" verified="no">dr</w>
          <w n="4-83-42" pos="NN" verified="no">Herrschaft</w>
          <w n="4-83-43" pos="APPR" verified="no">über</w>
          <w n="4-83-44" pos="ART" verified="no">em</w>
          <w n="4-83-45" pos="NE" verified="yes">Cromwell</w>
          <w n="4-83-46" pos="PPOSAT" verified="no">siin</w>
          <w n="4-83-47" pos="NN" verified="no">Tod</w>
          <w n="4-83-48" pos="APZR" verified="yes">use</w>
          <w n="4-83-49" pos="VVIZU" verified="yes">herzschtelle</w>
          <w n="4-83-50" pos="$." verified="no">.</w>
        </s>
      </article>
    </file>
    <file n="4" title="NOAH_swatch">
      <article n="3" dialect="various" title="Bärndütsch">
        <s n="3-179" datposs="yes">
          <w n="3-179-0" pos="APPR" verified="no">Aus</w>
          <w n="3-179-1" pos="NN" verified="no">Sponsorin</w>
          <w n="3-179-2" pos="APPR" verified="no">vor</w>
          <w n="3-179-3" pos="NE" verified="no">Artyou</w>
          <w n="3-179-4" pos="NE" verified="no">Basel</w>
          <w n="3-179-5" pos="VAFIN" verified="no">het</w>
          <w n="3-179-6" pos="ART" verified="no">d’</w>
          <w n="3-179-7" pos="NN" verified="no">Marggä</w>
          <w n="3-179-8" pos="APPR" verified="no">bi</w>
          <w n="3-179-9" pos="PDAT" verified="no">derä</w>
          <w n="3-179-10" pos="NN" verified="no">Glägeheit</w>
          <w n="3-179-11" pos="PPOSAT" verified="no">ihri</w>
          <w n="3-179-12" pos="NN" verified="no">Kollektion</w>
          <w n="3-179-13" pos="NE" verified="no">Tattoo</w>
          <w n="3-179-14" pos="VVPP" verified="no">präsentiert</w>
          <w n="3-179-15" pos="$," verified="no">,</w>
          <w n="3-179-16" pos="PRELS" verified="no">wo</w>
          <w n="3-179-17" pos="ADV" verified="no">zämä</w>
          <w n="3-179-18" pos="APPRART" verified="no">mitem</w>
          <w n="3-179-19" pos="NN" verified="no">Tätowiierigskünschtler</w>
          <w n="3-179-20" pos="NE" verified="no">Tin-Tin</w>
          <w n="3-179-21" pos="VAFIN" verified="no">isch</w>
          <w n="3-179-22" pos="VVPP" verified="no">kreiiert</w>
          <w n="3-179-23" pos="VAPP" verified="no">wordä</w>
          <w n="3-179-24" pos="$." verified="no">.</w>
        </s>
      </article>
    </file>
  </document>